title,url,thumbnail_url,chanel,description
"Yezhu Kadal Yezhu Malai-Glimpse of Immortal Love|Ram|Nivinpauly,Anjali,Soori |Yuvan|VHouseProduction",https://www.youtube.com/watch?v=g50_PECZ17o,https://i.ytimg.com/vi/g50_PECZ17o/hqdefault.jpg?sqp=-oaymwEcCPYBEIoBSFXyq4qpAw4IARUAAIhCGAFwAcABBg==&rs=AOn4CLCeqW0YlCaDh8B5NtT5cCG6qS8uLQ,Think Music India,#yezhukadalyezhumalai #directorram #nivinpauly #vhouseproductions #anjali #soori #yuvanshankarraja #u1 #sureshkamatchi #glimpse #glimpseofimmortallove #immortal #immortallove #7kadal7malai...
Mahanadhi | 4th & 5th January 2024 - Promo,https://www.youtube.com/watch?v=gNxx52_y1ww,https://i.ytimg.com/vi/gNxx52_y1ww/hqdefault.jpg?sqp=-oaymwE2CPYBEIoBSFXyq4qpAygIARUAAIhCGAFwAcABBvABAfgB_gmAAtAFigIMCAAQARh_IDAoGDAP&rs=AOn4CLCwxvkLeYdttUS5oBZNtB-NH38DZg,Vijay Television,роороХро╛роиродро┐ - родро┐роЩрпНроХро│рпН роорпБродро▓рпН ро╡рпЖро│рпНро│ро┐ роЗро░ро╡рпБ 7 роорогро┐роХрпНроХрпБ роироорпНроо ро╡ро┐роЬропрпН роЯро┐ро╡ро┐ро▓.... #Mahanathi Click here https://www...
Maari | Premiere Ep 426 Preview - Jan 03 2024 | Before ZEE Tamil | ZEE5,https://www.youtube.com/watch?v=e0iUvFE5nDc,,ZEE5,"Watch tomorrowтАЩs Premiere Episodes of ZEE Tamil serials today on ZEE5. Get the best of ZEE5 Originals, popular Alt Balaji shows, 1000+ superhit movies, favourite Zindagi shows, popular kids..."
Bigg Boss Tamil Season 7 | 4th January 2024 - Promo 1,https://www.youtube.com/watch?v=l_RWlliOhhY,,Vijay Television,#Day95 #Promo1 of #BiggBossTamil Bigg Boss Tamil Season 7 - роЗройрпНро▒рпБ роЗро░ро╡рпБ 9:30 роорогро┐роХрпНроХрпБ роироорпНроо ро╡ро┐роЬропрпН роЯро┐ро╡ро┐ро▓.. #KamalHaasan #Disneyplushotstar...
Koranaaru - Lyrical Video | Captain Miller | Dhanush | Shiva Rajkumar | GV Prakash | Deva | SJF,https://www.youtube.com/watch?v=8b0SaA_XsFg,,Saregama Tamil,"For more latest songs & videos, subscribe ЁЯСЙ https://bit.ly/Saregama_Tamil Presenting the thumping ""Koranaaru"" song from Dhanush's 'Captain Miller (Tamil)' by Sathya Jyothi Films T.G. Thyagaraja..."
Siragadikka Aasai | 3rd to 6th January 2024 - Promo,https://www.youtube.com/watch?v=E1FCJho3EJg,,Vijay Television,роЪро┐ро▒роХроЯро┐роХрпНроХ роЖроЪрпИ - родро┐роЩрпНроХро│рпН роорпБродро▓рпН роЪройро┐ роЗро░ро╡рпБ 9 роорогро┐роХрпНроХрпБ роироорпНроо ро╡ро┐роЬропрпН роЯро┐ро╡ро┐ро▓...... Click here -...
Ninaithale Inikkum | Premiere Ep 768 Preview - Jan 03 2024 | Before ZEE Tamil | ZEE5,https://www.youtube.com/watch?v=RDwtpjHBMlE,,ZEE5,"Watch tomorrowтАЩs Premiere Episodes of ZEE Tamil serials today on ZEE5. Get the best of ZEE5 Originals, popular Alt Balaji shows, 1000+ superhit movies, favourite Zindagi shows, popular kids..."
Ethirneechal - Promo | 04 January 2024 | Tamil Serial | Sun TV,https://www.youtube.com/watch?v=nkO9Nk_W5mU,,Sun TV,Watch the Latest Promo of popular Tamil Serial #Ethirneechal that airs on Sun TV. Watch all Sun TV serials immediately after the TV telecast on Sun NXT app. *Free for Indian Users only Download...
Kayal - Promo | 04 January 2024 | Tamil Serial | Sun TV,https://www.youtube.com/watch?v=oyPk-XVJGKg,,Sun TV,Watch the Latest Promo of popular Tamil Serial #Kayal that airs on Sun TV. Watch all Sun TV serials immediately after the TV telecast on Sun NXT app. *Free for Indian Users only Download...
I Tested DeoDap 20+ Gadgets & Product - Low Price Reality Check ! Part-2,https://www.youtube.com/watch?v=XJEQBH3ZwWg,,Loud Oli Tech,I Tested 25 Gadgets & Product - Low Price Reality Check ! Part-1 #tamil #gadgets #technology I Tested 25 Gadgets & Product Part-1 : https://youtu.be/6YWbb3Ozb7k Telegram Page Link For...
